{
    "articles": [
        {
            "title": "Great site",
            "slug": "great-site-segrfb",
            "body": "# MUST SEE\n\n## https://www.youtube.com/watch?v=PGMQZEIXBMs",
            "createdAt": "2020-05-13T04:19:09.603Z",
            "updatedAt": "2020-05-13T04:19:09.603Z",
            "tagList": [],
            "description": "You need to see it",
            "author": {
                "username": "Rafaelqm",
                "bio": null,
                "image": "https://pt.gravatar.com/userimage/142566597/4bec268e7e05c99b5fd3026d8b81f957.jpeg",
                "following": false
            },
            "favorited": false,
            "favoritesCount": 1
        },
        {
            "title": "asdf",
            "slug": "asdf-8xwlml",
            "body": "asdfadsfadsf",
            "createdAt": "2020-05-13T04:09:56.771Z",
            "updatedAt": "2020-05-13T04:09:56.771Z",
            "tagList": [],
            "description": "asdfasdf",
            "author": {
                "username": "ㅁㄴㅇㄹ",
                "bio": null,
                "image": "https://static.productionready.io/images/smiley-cyrus.jpg",
                "following": false
            },
            "favorited": false,
            "favoritesCount": 0
        },
        {
            "title": "manhhd test",
            "slug": "manhhd-test-bk90zr",
            "body": "manhhd test",
            "createdAt": "2020-05-13T04:00:38.200Z",
            "updatedAt": "2020-05-13T04:00:38.200Z",
            "tagList": [],
            "description": "manhhd test",
            "author": {
                "username": "manhhd",
                "bio": null,
                "image": "https://static.productionready.io/images/smiley-cyrus.jpg",
                "following": false
            },
            "favorited": false,
            "favoritesCount": 1
        },
        {
            "title": "HIGH AUTHORITY GUEST POSTING SITES + NICHE GUEST POSTING SERVICE",
            "slug": "high-authority-guest-posting-sites-niche-guest-posting-service-oeof70",
            "body": "[HIGH AUTHORITY GUEST POSTING SITES](http://www.guestpostingsites.com/) + NICHE [GUEST POSTING SERVICE](http://www.guestpostingsites.com/)\n\n**Guest Posting Service \u0026 Blogger Outreach**\n\nOur guest post outreach service is made on long-term relationships with a large number of site owners. We only use real sites which may have verified organic and natural traffic. Your guest posts are guaranteed, you only pay for links that are published.\n\n**Real Sites with Organic Traffic**\n\nEnjoy peace of mind in your link constructing. All Loganix guest post sites have organic and natural rankings and traffic (predicated on Ahrefs/SEMRush organic and natural traffic estimates) to ensure the sites are trusted by se's. Historic organic and natural traffic numbers are also reviewed by our team to avoid sites that might have been penalized. All the spammy PBNs, stick to real sites with real traffic.\n\n**SELECT THE Sites \u0026 Track The Results**\n\nNever worry about being surprised with a bad link. We will choose the most relevant guest post domains for your site and present them for you. Approve the domains we’ve picked or request a replacement, when you’re happy with the site picked we’ll reach work on your post.\n\nAll order progress is tracked along the way, letting you see exactly where your guest posts are along the way. Once published you’ll also receive an update from us with the URL to the published post.\n\n*New* (optional) Have we make the picks for you (no pre-approval) and save $10 per guest post.\n\n**Sites We USE \u0026 Content**\n\nThe guest posting sites we use cover a multitude of topics, we make reference to these kinds of sites as multi-topic. Our writers will craft quite happy with issues that are themed to fit your selected URL, so your desired anchor text can be naturally located in to the article. Have a look at our new Content Upgrade option that will give you a supplementary 250+ words of content as well as the choice to review and suggest edits before your guest post is submitted.\n\nIf you’re looking for bigger guest post sites with a tighter topic match to your link/money site, check out our Authority Links product.\n\n**Guaranteed Placement**\n\nEnjoy the peace of mind that is included with a guarantee! If a contributor can’t deliver on the guest post, we’ll find you the same or better link opportunity. Happy customers are our fuel. If you are not pleased with our service or deliverables, trust that you’ve found a team willing bend over backward to do right by you.\n\nguest posting service, high authority guest posting service, guest posting provider, guest posting, niche guest posting\n",
            "createdAt": "2020-05-13T03:38:19.063Z",
            "updatedAt": "2020-05-13T03:43:00.967Z",
            "tagList": [],
            "description": "HIGH AUTHORITY GUEST POSTING SITES NICHE GUEST POSTING SERVICE",
            "author": {
                "username": "kahewi7982",
                "bio": null,
                "image": "https://static.productionready.io/images/smiley-cyrus.jpg",
                "following": false
            },
            "favorited": false,
            "favoritesCount": 2
        },
        {
            "title": "Test",
            "slug": "test-n5ig1a",
            "body": "Indias election",
            "createdAt": "2020-05-13T02:44:51.957Z",
            "updatedAt": "2020-05-13T02:44:51.957Z",
            "tagList": [],
            "description": "Election",
            "author": {
                "username": "vijay1987",
                "bio": null,
                "image": "https://static.productionready.io/images/smiley-cyrus.jpg",
                "following": false
            },
            "favorited": false,
            "favoritesCount": 1
        },
        {
            "title": "Sed ut perspiciatis unde omnis iste natus error sit voluptatem accusantium",
            "slug": "sed-ut-perspiciatis-unde-omnis-iste-natus-error-sit-voluptatem-accusantium-x5f8xh",
            "body": "Lorem ipsum dolor sit amet, consectetur adipiscing elit, sed do eiusmod tempor incididunt ut labore et dolore magna aliqua. Ut enim ad minim veniam, quis nostrud exercitation ullamco laboris nisi ut aliquip ex ea commodo consequat. Duis aute irure dolor in reprehenderit in voluptate velit esse cillum dolore eu fugiat nulla pariatur. Excepteur sint occaecat cupidatat non proident, sunt in culpa qui officia deserunt mollit anim id est laborum.\n\nSed ut perspiciatis unde omnis iste natus error sit voluptatem accusantium doloremque laudantium, totam rem aperiam, eaque ipsa quae ab illo inventore veritatis et quasi architecto beatae vitae dicta sunt explicabo. Nemo enim ipsam voluptatem quia voluptas sit aspernatur aut odit aut fugit, sed quia consequuntur magni dolores eos qui ratione voluptatem sequi nesciunt. Neque porro quisquam est, qui dolorem ipsum quia dolor sit amet, consectetur, adipisci velit, sed quia non numquam eius modi tempora incidunt ut labore et dolore magnam aliquam quaerat voluptatem. Ut enim ad minima veniam, quis nostrum exercitationem ullam corporis suscipit laboriosam, nisi ut aliquid ex ea commodi consequatur? Quis autem vel eum iure reprehenderit qui in ea voluptate velit esse quam nihil molestiae consequatur, vel illum qui dolorem eum fugiat quo voluptas nulla pariatur.",
            "createdAt": "2020-05-13T01:22:11.475Z",
            "updatedAt": "2020-05-13T01:22:11.475Z",
            "tagList": [],
            "description": "Sed quia consequuntur magni dolores eos qui ratione voluptatem sequi nesciunt",
            "author": {
                "username": "userbob",
                "bio": null,
                "image": "https://static.productionready.io/images/smiley-cyrus.jpg",
                "following": false
            },
            "favorited": false,
            "favoritesCount": 1
        },
        {
            "title": "test",
            "slug": "test-xaad5w",
            "body": "aaaaaaaaaaaaaaaaaaaaaaaaaaaaaaaaaa",
            "createdAt": "2020-05-13T00:28:14.057Z",
            "updatedAt": "2020-05-13T00:28:14.057Z",
            "tagList": [],
            "description": "aaaaaaaaaaaa",
            "author": {
                "username": "abanob",
                "bio": null,
                "image": "https://static.productionready.io/images/smiley-cyrus.jpg",
                "following": false
            },
            "favorited": false,
            "favoritesCount": 1
        },
        {
            "title": "sds",
            "slug": "sds-hnffi3",
            "body": "dsd",
            "createdAt": "2020-05-13T00:18:16.636Z",
            "updatedAt": "2020-05-13T00:18:16.636Z",
            "tagList": [],
            "description": "sdsds",
            "author": {
                "username": "fdsasa3213",
                "bio": null,
                "image": "https://static.productionready.io/images/smiley-cyrus.jpg",
                "following": false
            },
            "favorited": false,
            "favoritesCount": 1
        },
        {
            "title": "sds",
            "slug": "sds-x810m3",
            "body": "dsdsds",
            "createdAt": "2020-05-13T00:18:11.720Z",
            "updatedAt": "2020-05-13T00:18:11.720Z",
            "tagList": [],
            "description": "sds",
            "author": {
                "username": "fdsasa3213",
                "bio": null,
                "image": "https://static.productionready.io/images/smiley-cyrus.jpg",
                "following": false
            },
            "favorited": false,
            "favoritesCount": 1
        },
        {
            "title": "a",
            "slug": "a-sgd7xj",
            "body": "sdsds",
            "createdAt": "2020-05-13T00:18:06.102Z",
            "updatedAt": "2020-05-13T00:18:06.102Z",
            "tagList": [],
            "description": "sad",
            "author": {
                "username": "fdsasa3213",
                "bio": null,
                "image": "https://static.productionready.io/images/smiley-cyrus.jpg",
                "following": false
            },
            "favorited": false,
            "favoritesCount": 1
        }
    ],
    "articlesCount": 20
}